target,center_err,fwhm_err,smsr_err,rmse,center_exp,center_th,fwhm_exp,fwhm_th,smsr_exp,smsr_th
630.0,1.633327111355572e-08,,,0.04381005165847617,6.70911e-07,6.545777288864443e-07,,,15.473301617172055,
